id,name,email,grade,blog
2,Dawn,Dawn@Dawndoe.com,A,https://blog.Dawndoe.com
3,Greaves,Greaves@Greavesdoe.com,A,https://blog.Greavesdoe.com
4,Random,Random@Randomdoe.com,A,https://blog.Randomdoe.com
5,Names,Names@Namesdoe.com,A,https://blog.Namesdoe.com
6,Bernice,Bernice@Bernicedoe.com,A,https://blog.Bernicedoe.com
7,Melia,Melia@Meliadoe.com,A,https://blog.Meliadoe.com
8,Mila,mila@miladoe.com,A,https://blog.miladoe.com
9,Daniel,Daniel@Danieldoe.com,A,https://blog.Danieldoe.com
10,Ellen,Ellen@Ellendoe.com,A,https://blog.Ellendoe.com
11,Winters,Winters@Wintersdoe.com,A,https://blog.Wintersdoe.com
12,Thorpe,Thorpe@Thorpedoe.com,A,https://blog.Thorpedoe.com
13,Axel,Axel@Axeldoe.com,A,https://blog.Axeldoe.com
14,Walters,Walters@Waltersdoe.com,A,https://blog.Waltersdoe.com
15,Costa,Costa@Costadoe.com,A,https://blog.Costadoe.com
16,Cannon,Cannon@Cannondoe.com,A,https://blog.Cannondoe.com
17,Kobi,Kobi@Kobidoe.com,A,https://blog.Kobidoe.com
18,Harlen,Harlen@Harlendoe.com,A,https://blog.Harlendoe.com
19,Aguirre,Aguirre@Aguirredoe.com,A,https://blog.Aguirredoe.com
20,Dania,Dania@Daniadoe.com,A,https://blog.Daniadoe.com
21,Nettie,Nettie@Nettiedoe.com,A,https://blog.Nettiedoe.com
